"","X.1","X","Bidding.Exercise","Announcement.Date","Year","Category","Quota","Quota.Premium","Total.Bids.Received","Number.of.Successful.Bids","Announcement","Month","Premium","YM","Date","Open","High","Low","Close","Volume","Adj.Close","Salary"
"1",1,1,"January 2016 Second Open Bidding Exercise","20/01/2016",2016,"Cat A (Cars up to 1600cc and 97kW)",1659,51301,"3,437","1,638",2016-01-20,1,NA,24193,"2016-01-04",2889.22998,2890.209961,2529.01001,2629.110107,0,2629.110107,4150
"2",2,2,"January 2016 First Open Bidding Exercise","06/01/2016",2016,"Cat A (Cars up to 1600cc and 97kW)",1659,45002,"2,013","1,649",2016-01-06,1,NA,24193,"2016-01-04",2889.22998,2890.209961,2529.01001,2629.110107,0,2629.110107,4150
"3",3,3,"December 2015 Second Open Bidding Exercise","23/12/2015",2015,"Cat A (Cars up to 1600cc and 97kW)",1669,54301,"1,978","1,667",2015-12-23,12,NA,24192,"2015-12-01",2862.790039,2911.439941,2793.389893,2882.72998,0,2882.72998,3950
"4",4,4,"December 2015 First Open Bidding Exercise","09/12/2015",2015,"Cat A (Cars up to 1600cc and 97kW)",1698,56989,"2,132","1,696",2015-12-09,12,NA,24192,"2015-12-01",2862.790039,2911.439941,2793.389893,2882.72998,0,2882.72998,3950
"5",5,5,"November 2015 Second Open Bidding Exercise","18/11/2015",2015,"Cat A (Cars up to 1600cc and 97kW)",1662,59200,"2,140","1,650",2015-11-18,11,NA,24191,"2015-11-02",2976.719971,3043.850098,2843.949951,2855.939941,0,2855.939941,3950
"6",6,6,"November 2015 First Open Bidding Exercise","04/11/2015",2015,"Cat A (Cars up to 1600cc and 97kW)",1664,56001,"2,009","1,623",2015-11-04,11,NA,24191,"2015-11-02",2976.719971,3043.850098,2843.949951,2855.939941,0,2855.939941,3950
"7",7,7,"October 2015 Second Open Bidding Exercise","21/10/2015",2015,"Cat A (Cars up to 1600cc and 97kW)",1690,57301,"2,229","1,684",2015-10-21,10,NA,24190,"2015-10-01",2795.399902,3104.719971,2765.439941,2998.350098,0,2998.350098,3950
"8",8,8,"October 2015 First Open Bidding Exercise","07/10/2015",2015,"Cat A (Cars up to 1600cc and 97kW)",1687,56001,"2,210","1,679",2015-10-07,10,NA,24190,"2015-10-01",2795.399902,3104.719971,2765.439941,2998.350098,0,2998.350098,3950
"9",9,9,"September 2015 Second Open Bidding Exercise","23/09/2015",2015,"Cat A (Cars up to 1600cc and 97kW)",1687,55399,"2,276","1,684",2015-09-23,9,NA,24189,"2015-09-01",2915.530029,2931.649902,2740.360107,2790.889893,177983700,2790.889893,3950
"10",10,10,"September 2015 First Open Bidding Exercise","09/09/2015",2015,"Cat A (Cars up to 1600cc and 97kW)",1688,57089,"2,553","1,688",2015-09-09,9,NA,24189,"2015-09-01",2915.530029,2931.649902,2740.360107,2790.889893,177983700,2790.889893,3950
"11",11,11,"August 2015 Second Open Bidding Exercise","19/08/2015",2015,"Cat A (Cars up to 1600cc and 97kW)",1756,57498,"2,597","1,756",2015-08-19,8,NA,24188,"2015-08-03",3205.590088,3217.129883,2808.310059,2921.439941,403628300,2921.439941,3950
"12",12,12,"August 2015 First Open Bidding Exercise","05/08/2015",2015,"Cat A (Cars up to 1600cc and 97kW)",1688,56209,"2,446","1,687",2015-08-05,8,NA,24188,"2015-08-03",3205.590088,3217.129883,2808.310059,2921.439941,403628300,2921.439941,3950
"13",13,13,"July 2015 Second Open Bidding Exercise","22/07/2015",2015,"Cat A (Cars up to 1600cc and 97kW)",1435,55889,"1,966","1,365",2015-07-22,7,NA,24187,"2015-07-01",3317.469971,3383.560059,3184.570068,3202.5,270716000,3202.5,3950
"14",14,14,"July 2015 First Open Bidding Exercise","08/07/2015",2015,"Cat A (Cars up to 1600cc and 97kW)",1466,58700,"1,891","1,464",2015-07-08,7,NA,24187,"2015-07-01",3317.469971,3383.560059,3184.570068,3202.5,270716000,3202.5,3950
"15",15,15,"June 2015 Second Open Bidding Exercise","17/06/2015",2015,"Cat A (Cars up to 1600cc and 97kW)",1429,61000,"1,766","1,421",2015-06-17,6,NA,24186,"2015-06-02",3375.050049,3375.050049,3267.679932,3317.330078,256627200,3317.330078,3950
"16",16,16,"June 2015 First Open Bidding Exercise","04/06/2015",2015,"Cat A (Cars up to 1600cc and 97kW)",1432,66000,"1,943","1,393",2015-06-04,6,NA,24186,"2015-06-02",3375.050049,3375.050049,3267.679932,3317.330078,256627200,3317.330078,3950
"17",17,17,"May 2015 Second Open Bidding Exercise","20/05/2015",2015,"Cat A (Cars up to 1600cc and 97kW)",1434,66590,"2,351","1,431",2015-05-20,5,NA,24185,"2015-05-01",3473.110107,3490.73999,3381.790039,3392.110107,237889900,3392.110107,3950
"18",18,18,"May 2015 First Open Bidding Exercise","06/05/2015",2015,"Cat A (Cars up to 1600cc and 97kW)",1444,68589,"2,891","1,438",2015-05-06,5,NA,24185,"2015-05-01",3473.110107,3490.73999,3381.790039,3392.110107,237889900,3392.110107,3950
"19",19,19,"April 2015 Second Open Bidding Exercise","22/04/2015",2015,"Cat A (Cars up to 1600cc and 97kW)",987,67601,"2,055","979",2015-04-22,4,NA,24184,"2015-04-01",3439.76001,3549.850098,3435.590088,3487.389893,244886900,3487.389893,3950
"20",20,20,"April 2015 First Open Bidding Exercise","08/04/2015",2015,"Cat A (Cars up to 1600cc and 97kW)",988,67749,"2,340","970",2015-04-08,4,NA,24184,"2015-04-01",3439.76001,3549.850098,3435.590088,3487.389893,244886900,3487.389893,3950
"21",21,21,"March 2015 Second Open Bidding Exercise","18/03/2015",2015,"Cat A (Cars up to 1600cc and 97kW)",987,64700,"2,251","987",2015-03-18,3,NA,24183,"2015-03-02",3408.879883,3469.02002,3356.659912,3447.01001,259978400,3447.01001,3950
"22",22,22,"March 2015 First Open Bidding Exercise","04/03/2015",2015,"Cat A (Cars up to 1600cc and 97kW)",987,61410,"2,120","986",2015-03-04,3,NA,24183,"2015-03-02",3408.879883,3469.02002,3356.659912,3447.01001,259978400,3447.01001,3950
"23",23,23,"February 2015 Second Open Bidding Exercise","17/02/2015",2015,"Cat A (Cars up to 1600cc and 97kW)",988,57199,"1,294","988",2015-02-17,2,NA,24182,"2015-02-02",3398.51001,3458.139893,3394.540039,3402.860107,260352700,3402.860107,3950
"24",24,24,"February 2015 First Open Bidding Exercise","04/02/2015",2015,"Cat A (Cars up to 1600cc and 97kW)",992,62002,"1,295","991",2015-02-04,2,NA,24182,"2015-02-02",3398.51001,3458.139893,3394.540039,3402.860107,260352700,3402.860107,3950
"25",25,25,"January 2015 Second Open Bidding Exercise","21/01/2015",2015,"Cat A (Cars up to 1600cc and 97kW)",705,65001,"1,068","703",2015-01-21,1,NA,24181,"2015-01-02",3364.080078,3432.620117,3267.889893,3391.199951,226650700,3391.199951,3950
"26",26,26,"January 2015 First Open Bidding Exercise","07/01/2015",2015,"Cat A (Cars up to 1600cc and 97kW)",704,66010,"940","698",2015-01-07,1,NA,24181,"2015-01-02",3364.080078,3432.620117,3267.889893,3391.199951,226650700,3391.199951,3950
"27",27,27,"December 2014 Second Open Bidding Exercise","17/12/2014",2014,"Cat A (Cars up to 1600cc and 97kW)",705,65889,"868","699",2014-12-17,12,NA,24180,"2014-12-01",3352.320068,3373.929932,3200.629883,3365.149902,188808900,3365.149902,3770
"28",28,28,"December 2014 First Open Bidding Exercise","03/12/2014",2014,"Cat A (Cars up to 1600cc and 97kW)",709,67089,"996","703",2014-12-03,12,NA,24180,"2014-12-01",3352.320068,3373.929932,3200.629883,3365.149902,188808900,3365.149902,3770
"29",29,29,"November 2014 Second Open Bidding Exercise","19/11/2014",2014,"Cat A (Cars up to 1600cc and 97kW)",701,67889,"1,144","694",2014-11-19,11,NA,24179,"2014-11-03",3286.570068,3360.320068,3273.679932,3350.5,263011000,3350.5,3770
"30",30,30,"November 2014 First Open Bidding Exercise","05/11/2014",2014,"Cat A (Cars up to 1600cc and 97kW)",703,64900,"1,196","692",2014-11-05,11,NA,24179,"2014-11-03",3286.570068,3360.320068,3273.679932,3350.5,263011000,3350.5,3770
"31",31,31,"October 2014 Second Open Bidding Exercise","23/10/2014",2014,"Cat A (Cars up to 1600cc and 97kW)",572,63990,"1,092","569",2014-10-23,10,NA,24178,"2014-10-01",3267.959961,3274.25,3149.909912,3274.25,221650600,3274.25,3770
"32",32,32,"October 2014 First Open Bidding Exercise","09/10/2014",2014,"Cat A (Cars up to 1600cc and 97kW)",575,63880,"1,097","570",2014-10-09,10,NA,24178,"2014-10-01",3267.959961,3274.25,3149.909912,3274.25,221650600,3274.25,3770
"33",33,33,"September 2014 Second Open Bidding Exercise","17/09/2014",2014,"Cat A (Cars up to 1600cc and 97kW)",573,62000,"792","573",2014-09-17,9,NA,24177,"2014-09-01",3326.659912,3356.709961,3256.969971,3276.73999,230987900,3276.73999,3770
"34",34,34,"September 2014 First Open Bidding Exercise","03/09/2014",2014,"Cat A (Cars up to 1600cc and 97kW)",572,64841,"813","568",2014-09-03,9,NA,24177,"2014-09-01",3326.659912,3356.709961,3256.969971,3276.73999,230987900,3276.73999,3770
"35",35,35,"August 2014 Second Open Bidding Exercise","20/08/2014",2014,"Cat A (Cars up to 1600cc and 97kW)",575,65710,"994","574",2014-08-20,8,NA,24176,"2014-08-01",3346.409912,3358.52002,3277.969971,3327.090088,215088800,3327.090088,3770
"36",36,36,"August 2014 First Open Bidding Exercise","06/08/2014",2014,"Cat A (Cars up to 1600cc and 97kW)",574,64600,"1,086","574",2014-08-06,8,NA,24176,"2014-08-01",3346.409912,3358.52002,3277.969971,3327.090088,215088800,3327.090088,3770
"37",37,37,"July 2014 Second Open Bidding Exercise","23/07/2014",2014,"Cat A (Cars up to 1600cc and 97kW)",509,62890,"1,190","505",2014-07-23,7,NA,24175,"2014-07-01",3255.649902,3387.840088,3234.060059,3374.060059,160442500,3374.060059,3770
"38",38,38,"July 2014 First Open Bidding Exercise","09/07/2014",2014,"Cat A (Cars up to 1600cc and 97kW)",513,61990,"1,075","511",2014-07-09,7,NA,24175,"2014-07-01",3255.649902,3387.840088,3234.060059,3374.060059,160442500,3374.060059,3770
"39",39,39,"June 2014 Second Open Bidding Exercise","18/06/2014",2014,"Cat A (Cars up to 1600cc and 97kW)",509,61899,"1,040","506",2014-06-18,6,NA,24174,"2014-06-02",3303.22998,3311.439941,3246.719971,3255.669922,161551400,3255.669922,3770
"40",40,40,"June 2014 First Open Bidding Exercise","04/06/2014",2014,"Cat A (Cars up to 1600cc and 97kW)",507,63190,"1,040","499",2014-06-04,6,NA,24174,"2014-06-02",3303.22998,3311.439941,3246.719971,3255.669922,161551400,3255.669922,3770
"41",41,41,"May 2014 Second Open Bidding Exercise","21/05/2014",2014,"Cat A (Cars up to 1600cc and 97kW)",509,65689,"997","506",2014-05-21,5,NA,24173,"2014-05-02",3266.129883,3308.800049,3221.370117,3295.850098,248767700,3295.850098,3770
"42",42,42,"May 2014 First Open Bidding Exercise","07/05/2014",2014,"Cat A (Cars up to 1600cc and 97kW)",513,60002,"676","512",2014-05-07,5,NA,24173,"2014-05-02",3266.129883,3308.800049,3221.370117,3295.850098,248767700,3295.850098,3770
"43",43,43,"April 2014 Second Open Bidding Exercise","23/04/2014",2014,"Cat A (Cars up to 1600cc and 97kW)",361,71335,"513","357",2014-04-23,4,NA,24172,"2014-04-01",3195.459961,3284.699951,3181.780029,3264.709961,272782200,3264.709961,3770
"44",44,44,"April 2014 First Open Bidding Exercise","09/04/2014",2014,"Cat A (Cars up to 1600cc and 97kW)",367,77400,"537","360",2014-04-09,4,NA,24172,"2014-04-01",3195.459961,3284.699951,3181.780029,3264.709961,272782200,3264.709961,3770
"45",45,45,"March 2014 Second Open Bidding Exercise","19/03/2014",2014,"Cat A (Cars up to 1600cc and 97kW)",362,78602,"577","360",2014-03-19,3,NA,24171,"2014-03-03",3078.290039,3194.320068,3053.590088,3188.620117,276765700,3188.620117,3770
"46",46,46,"March 2014 First Open Bidding Exercise","05/03/2014",2014,"Cat A (Cars up to 1600cc and 97kW)",365,76999,"615","356",2014-03-05,3,NA,24171,"2014-03-03",3078.290039,3194.320068,3053.590088,3188.620117,276765700,3188.620117,3770
"47",47,47,"February 2014 Second Open Bidding Exercise","19/02/2014",2014,"Cat A (Cars up to 1600cc and 97kW)",362,77201,"700","358",2014-02-19,2,NA,24170,"2014-02-03",3011.409912,3121.290039,2953.01001,3110.780029,225181900,3110.780029,3770
"48",48,48,"February 2014 First Open Bidding Exercise","05/02/2014",2014,"Cat A (Cars up to 1600cc and 97kW)",362,71564,"719","356",2014-02-05,2,NA,24170,"2014-02-03",3011.409912,3121.290039,2953.01001,3110.780029,225181900,3110.780029,3770
"49",49,49,"January 2014 Second Open Bidding Exercise","22/01/2014",2014,"Cat A (Cars up to 1600cc and 97kW)",368,72290,"724","364",2014-01-22,1,NA,24169,"2014-01-02",3179.669922,3187.800049,3012.26001,3027.219971,190200500,3027.219971,3770
"50",50,50,"January 2014 First Open Bidding Exercise","08/01/2014",2014,"Cat A (Cars up to 1600cc and 97kW)",364,72369,"623","361",2014-01-08,1,NA,24169,"2014-01-02",3179.669922,3187.800049,3012.26001,3027.219971,190200500,3027.219971,3770
"51",51,51,"December 2013 Second Open Bidding Exercise","18/12/2013",2013,"Cat A (Cars up to 1600cc and 97kW)",367,74002,"574","363",2013-12-18,12,NA,24168,"2013-12-02",3177.870117,3197.090088,3025.409912,3167.429932,199513700,3167.429932,3705
"52",52,52,"December 2013 First Open Bidding Exercise","04/12/2013",2013,"Cat A (Cars up to 1600cc and 97kW)",364,73160,"591","364",2013-12-04,12,NA,24168,"2013-12-02",3177.870117,3197.090088,3025.409912,3167.429932,199513700,3167.429932,3705
"53",53,53,"November 2013 Second Open Bidding Exercise","20/11/2013",2013,"Cat A (Cars up to 1600cc and 97kW)",364,74991,"650","361",2013-11-20,11,NA,24167,"2013-11-01",3212.129883,3218.550049,3158.399902,3176.350098,223717500,3176.350098,3705
"54",54,54,"November 2013 First Open Bidding Exercise","06/11/2013",2013,"Cat A (Cars up to 1600cc and 97kW)",368,72609,"590","368",2013-11-06,11,NA,24167,"2013-11-01",3212.129883,3218.550049,3158.399902,3176.350098,223717500,3176.350098,3705
"55",55,55,"October 2013 Second Open Bidding Exercise","23/10/2013",2013,"Cat A (Cars up to 1600cc and 97kW)",373,76889,"596","373",2013-10-23,10,NA,24166,"2013-10-01",3180.719971,3235.25,3122.379883,3210.669922,222275000,3210.669922,3705
"56",56,56,"October 2013 First Open Bidding Exercise","09/10/2013",2013,"Cat A (Cars up to 1600cc and 97kW)",365,85000,"615","361",2013-10-09,10,NA,24166,"2013-10-01",3180.719971,3235.25,3122.379883,3210.669922,222275000,3210.669922,3705
"57",57,57,"September 2013 Second Open Bidding Exercise","18/09/2013",2013,"Cat A (Cars up to 1600cc and 97kW)",370,83751,"654","361",2013-09-18,9,NA,24165,"2013-09-02",3037.590088,3260.139893,3015.419922,3167.870117,244114100,3167.870117,3705
"58",58,58,"September 2013 First Open Bidding Exercise","04/09/2013",2013,"Cat A (Cars up to 1600cc and 97kW)",366,77304,"609","365",2013-09-04,9,NA,24165,"2013-09-02",3037.590088,3260.139893,3015.419922,3167.870117,244114100,3167.870117,3705
"59",59,59,"August 2013 Second Open Bidding Exercise","21/08/2013",2013,"Cat A (Cars up to 1600cc and 97kW)",366,76223,"596","360",2013-08-21,8,NA,24164,"2013-08-01",3244.22998,3268.629883,2990.679932,3028.939941,292276000,3028.939941,3705
"60",60,60,"August 2013 First Open Bidding Exercise","07/08/2013",2013,"Cat A (Cars up to 1600cc and 97kW)",373,75556,"754","371",2013-08-07,8,NA,24164,"2013-08-01",3244.22998,3268.629883,2990.679932,3028.939941,292276000,3028.939941,3705
"61",61,61,"July 2013 Second Open Bidding Exercise","17/07/2013",2013,"Cat A (Cars up to 1600cc and 97kW)",334,73989,"621","332",2013-07-17,7,NA,24163,"2013-07-01",3147.48999,3277.550049,3125.48999,3221.929932,255207600,3221.929932,3705
"62",62,62,"July 2013 First Open Bidding Exercise","03/07/2013",2013,"Cat A (Cars up to 1600cc and 97kW)",338,73100,"716","328",2013-07-03,7,NA,24163,"2013-07-01",3147.48999,3277.550049,3125.48999,3221.929932,255207600,3221.929932,3705
"63",63,63,"June 2013 Second Open Bidding Exercise","19/06/2013",2013,"Cat A (Cars up to 1600cc and 97kW)",342,69903,"788","341",2013-06-19,6,NA,24162,"2013-06-03",3287.100098,3304.070068,3065.419922,3150.439941,321417800,3150.439941,3705
"64",64,64,"June 2013 First Open Bidding Exercise","05/06/2013",2013,"Cat A (Cars up to 1600cc and 97kW)",341,67301,"855","336",2013-06-05,6,NA,24162,"2013-06-03",3287.100098,3304.070068,3065.419922,3150.439941,321417800,3150.439941,3705
"65",65,65,"May 2013 Second Open Bidding Exercise","22/05/2013",2013,"Cat A (Cars up to 1600cc and 97kW)",333,64839,"888","324",2013-05-22,5,NA,24161,"2013-05-01",3368.179932,3464.790039,3303.110107,3311.370117,374270900,3311.370117,3705
"66",66,66,"May 2013 First Open Bidding Exercise","08/05/2013",2013,"Cat A (Cars up to 1600cc and 97kW)",336,62999,"912","329",2013-05-08,5,NA,24161,"2013-05-01",3368.179932,3464.790039,3303.110107,3311.370117,374270900,3311.370117,3705
"67",67,67,"April 2013 Second Open Bidding Exercise","24/04/2013",2013,"Cat A (Cars up to 1600cc and 97kW)",333,62497,"993","333",2013-04-24,4,NA,24160,"2013-04-01",3313.370117,3383.459961,3264.080078,3368.179932,310547000,3368.179932,3705
"68",68,68,"April 2013 First Open Bidding Exercise","10/04/2013",2013,"Cat A (Cars up to 1600cc and 97kW)",341,61029,"966","339",2013-04-10,4,NA,24160,"2013-04-01",3313.370117,3383.459961,3264.080078,3368.179932,310547000,3368.179932,3705
"69",69,69,"March 2013 Second Open Bidding Exercise","27/03/2013",2013,"Cat A (Cars up to 1600cc and 97kW)",337,64209,"923","337",2013-03-27,3,NA,24159,"2013-03-01",3266.840088,3321.620117,3234.669922,3308.100098,313622600,3308.100098,3705
"70",70,70,"March 2013 First Open Bidding Exercise","13/03/2013",2013,"Cat A (Cars up to 1600cc and 97kW)",336,74689,"1,180","329",2013-03-13,3,NA,24159,"2013-03-01",3266.840088,3321.620117,3234.669922,3308.100098,313622600,3308.100098,3705
"71",71,71,"February 2013 Second Open Bidding Exercise","20/02/2013",2013,"Cat A (Cars up to 1600cc and 97kW)",333,78301,"427","329",2013-02-20,2,NA,24158,"2013-02-01",3286.649902,3319.189941,3250.870117,3269.949951,257627800,3269.949951,3705
"72",72,72,"February 2013 First Open Bidding Exercise","06/02/2013",2013,"Cat A (Cars up to 1600cc and 97kW)",335,87109,"418","333",2013-02-06,2,NA,24158,"2013-02-01",3286.649902,3319.189941,3250.870117,3269.949951,257627800,3269.949951,3705
"73",73,73,"January 2013 Second Open Bidding Exercise","23/01/2013",2013,"Cat A (Cars up to 1600cc and 97kW)",409,91010,"489","409",2013-01-23,1,NA,24157,"2013-01-02",3188.590088,3290.899902,3160.830078,3282.659912,280449600,3282.659912,3705
"74",74,74,"January 2013 First Open Bidding Exercise","09/01/2013",2013,"Cat A (Cars up to 1600cc and 97kW)",410,92100,"555","409",2013-01-09,1,NA,24157,"2013-01-02",3188.590088,3290.899902,3160.830078,3282.659912,280449600,3282.659912,3705
"75",75,75,"December 2012 Second Open Bidding Exercise","19/12/2012",2012,"Cat A (Cars up to 1600cc and 97kW)",395,81889,"499","378",2012-12-19,12,NA,24156,"2012-12-03",3069.949951,3195.73999,3052.22998,3167.080078,201796800,3167.080078,3480
"76",76,76,"December 2012 First Open Bidding Exercise","05/12/2012",2012,"Cat A (Cars up to 1600cc and 97kW)",395,78523,"482","378",2012-12-05,12,NA,24156,"2012-12-03",3069.949951,3195.73999,3052.22998,3167.080078,201796800,3167.080078,3480
"77",77,77,"November 2012 Second Open Bidding Exercise","21/11/2012",2012,"Cat A (Cars up to 1600cc and 97kW)",396,77291,"540","393",2012-11-21,11,NA,24155,"2012-11-01",3038.370117,3083.26001,2931.600098,3069.949951,0,3069.949951,3480
"78",78,78,"November 2012 First Open Bidding Exercise","07/11/2012",2012,"Cat A (Cars up to 1600cc and 97kW)",395,77201,"621","393",2012-11-07,11,NA,24155,"2012-11-01",3038.370117,3083.26001,2931.600098,3069.949951,0,3069.949951,3480
"79",79,79,"October 2012 Second Open Bidding Exercise","17/10/2012",2012,"Cat A (Cars up to 1600cc and 97kW)",393,71001,"509","390",2012-10-17,10,NA,24154,"2012-10-01",3060.340088,3110.860107,3021.919922,3038.370117,0,3038.370117,3480
"80",80,80,"October 2012 First Open Bidding Exercise","03/10/2012",2012,"Cat A (Cars up to 1600cc and 97kW)",401,69000,"506","399",2012-10-03,10,NA,24154,"2012-10-01",3060.340088,3110.860107,3021.919922,3038.370117,0,3038.370117,3480
"81",81,81,"September 2012 Second Open Bidding Exercise","19/09/2012",2012,"Cat A (Cars up to 1600cc and 97kW)",402,63000,"486","402",2012-09-19,9,NA,24153,"2012-09-03",3025.459961,3088.350098,2977.639893,3060.340088,0,3060.340088,3480
"82",82,82,"September 2012 First Open Bidding Exercise","05/09/2012",2012,"Cat A (Cars up to 1600cc and 97kW)",399,68000,"518","391",2012-09-05,9,NA,24153,"2012-09-03",3025.459961,3088.350098,2977.639893,3060.340088,0,3060.340088,3480
"83",83,83,"August 2012 Second Open Bidding Exercise","23/08/2012",2012,"Cat A (Cars up to 1600cc and 97kW)",400,66889,"530","391",2012-08-23,8,NA,24152,"2012-08-01",3036.399902,3088.449951,3004.76001,3025.459961,0,3025.459961,3480
"84",84,84,"August 2012 First Open Bidding Exercise","08/08/2012",2012,"Cat A (Cars up to 1600cc and 97kW)",421,73501,"724","415",2012-08-08,8,NA,24152,"2012-08-01",3036.399902,3088.449951,3004.76001,3025.459961,0,3025.459961,3480
"85",85,85,"July 2012 Second Open Bidding Exercise","18/07/2012",2012,"Cat A (Cars up to 1600cc and 97kW)",676,68656,"911","669",2012-07-18,7,NA,24151,"2012-07-02",2878.449951,3040.110107,2878.449951,3036.399902,0,3036.399902,3480
"86",86,86,"July 2012 First Open Bidding Exercise","04/07/2012",2012,"Cat A (Cars up to 1600cc and 97kW)",641,59421,"872","613",2012-07-04,7,NA,24151,"2012-07-02",2878.449951,3040.110107,2878.449951,3036.399902,0,3036.399902,3480
"87",87,87,"June 2012 Second Open Bidding Exercise","20/06/2012",2012,"Cat A (Cars up to 1600cc and 97kW)",633,59004,"920","577",2012-06-20,6,NA,24150,"2012-06-01",2772.540039,2897.959961,2712.310059,2878.449951,0,2878.449951,3480
"88",88,88,"June 2012 First Open Bidding Exercise","06/06/2012",2012,"Cat A (Cars up to 1600cc and 97kW)",668,59003,"1,004","647",2012-06-06,6,NA,24150,"2012-06-01",2772.540039,2897.959961,2712.310059,2878.449951,0,2878.449951,3480
"89",89,89,"May 2012 Second Open Bidding Exercise","23/05/2012",2012,"Cat A (Cars up to 1600cc and 97kW)",630,58001,"945","617",2012-05-23,5,NA,24149,"2012-05-01",2978.570068,3013.340088,2758.409912,2772.540039,0,2772.540039,3480
"90",90,90,"May 2012 First Open Bidding Exercise","09/05/2012",2012,"Cat A (Cars up to 1600cc and 97kW)",641,62600,"822","593",2012-05-09,5,NA,24149,"2012-05-01",2978.570068,3013.340088,2758.409912,2772.540039,0,2772.540039,3480
"91",91,91,"April 2012 Second Open Bidding Exercise","18/04/2012",2012,"Cat A (Cars up to 1600cc and 97kW)",629,64201,"1,011","618",2012-04-18,4,NA,24148,"2012-04-02",3010.459961,3033.149902,2946.290039,2978.570068,0,2978.570068,3480
"92",92,92,"April 2012 First Open Bidding Exercise","04/04/2012",2012,"Cat A (Cars up to 1600cc and 97kW)",637,58501,"960","615",2012-04-04,4,NA,24148,"2012-04-02",3010.459961,3033.149902,2946.290039,2978.570068,0,2978.570068,3480
"93",93,93,"March 2012 Second Open Bidding Exercise","21/03/2012",2012,"Cat A (Cars up to 1600cc and 97kW)",636,56501,"1,067","626",2012-03-21,3,NA,24147,"2012-03-01",2994.060059,3035.780029,2906.580078,3010.459961,0,3010.459961,3480
"94",94,94,"March 2012 First Open Bidding Exercise","07/03/2012",2012,"Cat A (Cars up to 1600cc and 97kW)",667,56551,"912","649",2012-03-07,3,NA,24147,"2012-03-01",2994.060059,3035.780029,2906.580078,3010.459961,0,3010.459961,3480
"95",95,95,"February 2012 Second Open Bidding Exercise","22/02/2012",2012,"Cat A (Cars up to 1600cc and 97kW)",624,57009,"1,017","607",2012-02-22,2,NA,24146,"2012-02-01",2906.689941,3031.449951,2883.48999,2994.060059,0,2994.060059,3480
"96",96,96,"February 2012 First Open Bidding Exercise","08/02/2012",2012,"Cat A (Cars up to 1600cc and 97kW)",619,52809,"1,058","571",2012-02-08,2,NA,24146,"2012-02-01",2906.689941,3031.449951,2883.48999,2994.060059,0,2994.060059,3480
"97",97,97,"January 2012 Second Open Bidding Exercise","18/01/2012",2012,"Cat A (Cars up to 1600cc and 97kW)",657,48112,"903","652",2012-01-18,1,NA,24145,"2012-01-03",2646.350098,2917.590088,2646.350098,2906.689941,0,2906.689941,3480
"98",98,98,"January 2012 First Open Bidding Exercise","05/01/2012",2012,"Cat A (Cars up to 1600cc and 97kW)",554,46889,"901","554",2012-01-05,1,NA,24145,"2012-01-03",2646.350098,2917.590088,2646.350098,2906.689941,0,2906.689941,3480
"99",99,99,"December 2011 Second Open Bidding Exercise","21/12/2011",2011,"Cat A (Cars up to 1600cc and 97kW)",566,50001,"878","457",2011-12-21,12,NA,24144,"2011-12-01",2702.459961,2793.080078,2606.52002,2646.350098,0,2646.350098,3249
"100",100,100,"December 2011 First Open Bidding Exercise","07/12/2011",2011,"Cat A (Cars up to 1600cc and 97kW)",549,52392,"781","543",2011-12-07,12,NA,24144,"2011-12-01",2702.459961,2793.080078,2606.52002,2646.350098,0,2646.350098,3249
"101",101,101,"November 2011 Second Open Bidding Exercise","23/11/2011",2011,"Cat A (Cars up to 1600cc and 97kW)",559,54887,"756","541",2011-11-23,11,NA,24143,"2011-11-01",2855.77002,2880.120117,2643.540039,2702.459961,0,2702.459961,3249
"102",102,102,"November 2011 First Open Bidding Exercise","10/11/2011",2011,"Cat A (Cars up to 1600cc and 97kW)",548,55997,"766","547",2011-11-10,11,NA,24143,"2011-11-01",2855.77002,2880.120117,2643.540039,2702.459961,0,2702.459961,3249
"103",103,103,"October 2011 Second Open Bidding Exercise","19/10/2011",2011,"Cat A (Cars up to 1600cc and 97kW)",565,56112,"873","554",2011-10-19,10,NA,24142,"2011-10-03",2675.159912,2905.719971,2521.949951,2855.77002,0,2855.77002,3249
"104",104,104,"October 2011 First Open Bidding Exercise","05/10/2011",2011,"Cat A (Cars up to 1600cc and 97kW)",549,50289,"793","549",2011-10-05,10,NA,24142,"2011-10-03",2675.159912,2905.719971,2521.949951,2855.77002,0,2855.77002,3249
"105",105,105,"September 2011 Second Open Bidding Exercise","21/09/2011",2011,"Cat A (Cars up to 1600cc and 97kW)",548,48006,"951","531",2011-09-21,9,NA,24141,"2011-09-01",2885.26001,2910.280029,2627.23999,2675.159912,0,2675.159912,3249
"106",106,106,"September 2011 First Open Bidding Exercise","07/09/2011",2011,"Cat A (Cars up to 1600cc and 97kW)",548,51000,"794","547",2011-09-07,9,NA,24141,"2011-09-01",2885.26001,2910.280029,2627.23999,2675.159912,0,2675.159912,3249
"107",107,107,"August 2011 Second Open Bidding Exercise","17/08/2011",2011,"Cat A (Cars up to 1600cc and 97kW)",557,49301,"927","557",2011-08-17,8,NA,24140,"2011-08-01",3189.26001,3227.280029,2680.830078,2885.26001,0,2885.26001,3249
"108",108,108,"August 2011 First Open Bidding Exercise","03/08/2011",2011,"Cat A (Cars up to 1600cc and 97kW)",566,48801,"1,034","566",2011-08-03,8,NA,24140,"2011-08-01",3189.26001,3227.280029,2680.830078,2885.26001,0,2885.26001,3249
"109",109,109,"July 2011 Second Open Bidding Exercise","20/07/2011",2011,"Cat A (Cars up to 1600cc and 97kW)",510,56002,"776","501",2011-07-20,7,NA,24139,"2011-07-01",3120.439941,3200.560059,3056.709961,3189.26001,0,3189.26001,3249
"110",110,110,"July 2011 First Open Bidding Exercise","06/07/2011",2011,"Cat A (Cars up to 1600cc and 97kW)",514,55989,"839","497",2011-07-06,7,NA,24139,"2011-07-01",3120.439941,3200.560059,3056.709961,3189.26001,0,3189.26001,3249
"111",111,111,"June 2011 Second Open Bidding Exercise","22/06/2011",2011,"Cat A (Cars up to 1600cc and 97kW)",512,50244,"715","512",2011-06-22,6,NA,24138,"2011-06-01",3159.929932,3181.530029,2999.189941,3120.439941,0,3120.439941,3249
"112",112,112,"June 2011 First Open Bidding Exercise","08/06/2011",2011,"Cat A (Cars up to 1600cc and 97kW)",510,53390,"880","506",2011-06-08,6,NA,24138,"2011-06-01",3159.929932,3181.530029,2999.189941,3120.439941,0,3120.439941,3249
"113",113,113,"May 2011 Second Open Bidding Exercise","19/05/2011",2011,"Cat A (Cars up to 1600cc and 97kW)",523,46989,"760","521",2011-05-19,5,NA,24137,"2011-05-02",3179.860107,3182.459961,3078.26001,3159.929932,0,3159.929932,3249
"114",114,114,"May 2011 First Open Bidding Exercise","05/05/2011",2011,"Cat A (Cars up to 1600cc and 97kW)",511,44790,"944","511",2011-05-05,5,NA,24137,"2011-05-02",3179.860107,3182.459961,3078.26001,3159.929932,0,3159.929932,3249
"115",115,115,"April 2011 Second Open Bidding Exercise","20/04/2011",2011,"Cat A (Cars up to 1600cc and 97kW)",565,44000,"964","552",2011-04-20,4,NA,24136,"2011-04-01",3105.850098,3208.340088,3103.219971,3172.72998,0,3172.72998,3249
"116",116,116,"April 2011 First Open Bidding Exercise","06/04/2011",2011,"Cat A (Cars up to 1600cc and 97kW)",512,43212,"813","511",2011-04-06,4,NA,24136,"2011-04-01",3105.850098,3208.340088,3103.219971,3172.72998,0,3172.72998,3249
"117",117,117,"March 2011 Second Open Bidding Exercise","23/03/2011",2011,"Cat A (Cars up to 1600cc and 97kW)",527,43813,"927","472",2011-03-23,3,NA,24135,"2011-03-01",3010.51001,3115.469971,2919.97998,3105.850098,0,3105.850098,3249
"118",118,118,"March 2011 First Open Bidding Exercise","09/03/2011",2011,"Cat A (Cars up to 1600cc and 97kW)",532,42600,"875","530",2011-03-09,3,NA,24135,"2011-03-01",3010.51001,3115.469971,2919.97998,3105.850098,0,3105.850098,3249
"119",119,119,"February 2011 Second Open Bidding Exercise","23/02/2011",2011,"Cat A (Cars up to 1600cc and 97kW)",511,42999,"788","494",2011-02-23,2,NA,24134,"2011-02-01",3179.719971,3232.98999,2965.23999,3010.51001,0,3010.51001,3249
"120",120,120,"February 2011 First Open Bidding Exercise","09/02/2011",2011,"Cat A (Cars up to 1600cc and 97kW)",523,37124,"1,146","501",2011-02-09,2,NA,24134,"2011-02-01",3179.719971,3232.98999,2965.23999,3010.51001,0,3010.51001,3249
"121",121,121,"January 2011 Second Open Bidding Exercise","19/01/2011",2011,"Cat A (Cars up to 1600cc and 97kW)",607,40123,"1,091","606",2011-01-19,1,NA,24133,"2011-01-03",3190.040039,3280.77002,3177.780029,3179.719971,0,3179.719971,3249
"122",122,122,"January 2011 First Open Bidding Exercise","05/01/2011",2011,"Cat A (Cars up to 1600cc and 97kW)",614,38889,"1,192","602",2011-01-05,1,NA,24133,"2011-01-03",3190.040039,3280.77002,3177.780029,3179.719971,0,3179.719971,3249
"123",123,123,"December 2010 Second Open Bidding Exercise","22/12/2010",2010,"Cat A (Cars up to 1600cc and 97kW)",617,46129,"755","607",2010-12-22,12,NA,24132,"2010-12-01",3144.699951,3220.889893,3121.070068,3190.040039,0,3190.040039,3000
"124",124,124,"December 2010 First Open Bidding Exercise","08/12/2010",2010,"Cat A (Cars up to 1600cc and 97kW)",598,47604,"1,020","582",2010-12-08,12,NA,24132,"2010-12-01",3144.699951,3220.889893,3121.070068,3190.040039,0,3190.040039,3000
"125",125,125,"November 2010 Second Open Bidding Exercise","18/11/2010",2010,"Cat A (Cars up to 1600cc and 97kW)",597,39000,"833","577",2010-11-18,11,NA,24131,"2010-11-01",3142.620117,3313.610107,3118.620117,3144.699951,0,3144.699951,3000
"126",126,126,"November 2010 First Open Bidding Exercise","03/11/2010",2010,"Cat A (Cars up to 1600cc and 97kW)",598,34001,"843","598",2010-11-03,11,NA,24131,"2010-11-01",3142.620117,3313.610107,3118.620117,3144.699951,0,3144.699951,3000
"127",127,127,"October 2010 Second Open Bidding Exercise","20/10/2010",2010,"Cat A (Cars up to 1600cc and 97kW)",647,32415,"817","647",2010-10-20,10,NA,24130,"2010-10-01",3097.629883,3220.709961,3097.629883,3142.620117,0,3142.620117,3000
"128",128,128,"October 2010 First Open Bidding Exercise","06/10/2010",2010,"Cat A (Cars up to 1600cc and 97kW)",601,33132,"722","601",2010-10-06,10,NA,24130,"2010-10-01",3097.629883,3220.709961,3097.629883,3142.620117,0,3142.620117,3000
"129",129,129,"September 2010 Second Open Bidding Exercise","22/09/2010",2010,"Cat A (Cars up to 1600cc and 97kW)",597,30001,"993","547",2010-09-22,9,NA,24129,"2010-09-01",2950.330078,3125.719971,2950.330078,3097.629883,0,3097.629883,3000
"130",130,130,"September 2010 First Open Bidding Exercise","08/09/2010",2010,"Cat A (Cars up to 1600cc and 97kW)",631,33089,"775","628",2010-09-08,9,NA,24129,"2010-09-01",2950.330078,3125.719971,2950.330078,3097.629883,0,3097.629883,3000
"131",131,131,"August 2010 Second Open Bidding Exercise","18/08/2010",2010,"Cat A (Cars up to 1600cc and 97kW)",606,29000,"975","606",2010-08-18,8,NA,24128,"2010-08-03",3025.040039,3043.280029,2910.209961,2950.330078,0,2950.330078,3000
"132",132,132,"August 2010 First Open Bidding Exercise","04/08/2010",2010,"Cat A (Cars up to 1600cc and 97kW)",622,32104,"786","589",2010-08-04,8,NA,24128,"2010-08-03",3025.040039,3043.280029,2910.209961,2950.330078,0,2950.330078,3000
"133",133,133,"July 2010 Second Open Bidding Exercise","21/07/2010",2010,"Cat A (Cars up to 1600cc and 97kW)",699,36162,"967","691",2010-07-21,7,NA,24127,"2010-07-01",2835.51001,3018.26001,2814.439941,2987.699951,0,2987.699951,3000
"134",134,134,"July 2010 First Open Bidding Exercise","07/07/2010",2010,"Cat A (Cars up to 1600cc and 97kW)",700,29501,"893","676",2010-07-07,7,NA,24127,"2010-07-01",2835.51001,3018.26001,2814.439941,2987.699951,0,2987.699951,3000
"135",135,135,"June 2010 Second Open Bidding Exercise","23/06/2010",2010,"Cat A (Cars up to 1600cc and 97kW)",699,31510,"902","697",2010-06-23,6,NA,24126,"2010-06-01",2752.600098,2890.090088,2710.800049,2835.51001,0,2835.51001,3000
"136",136,136,"June 2010 First Open Bidding Exercise","09/06/2010",2010,"Cat A (Cars up to 1600cc and 97kW)",706,30051,"1,107","704",2010-06-09,6,NA,24126,"2010-06-01",2752.600098,2890.090088,2710.800049,2835.51001,0,2835.51001,3000
"137",137,137,"May 2010 Second Open Bidding Exercise","19/05/2010",2010,"Cat A (Cars up to 1600cc and 97kW)",699,27389,"1,036","697",2010-05-19,5,NA,24125,"2010-05-03",2974.610107,2974.610107,2648.149902,2752.600098,0,2752.600098,3000
"138",138,138,"May 2010 First Open Bidding Exercise","05/05/2010",2010,"Cat A (Cars up to 1600cc and 97kW)",806,26102,"1,294","798",2010-05-05,5,NA,24125,"2010-05-03",2974.610107,2974.610107,2648.149902,2752.600098,0,2752.600098,3000
"139",139,139,"April 2010 Second Open Bidding Exercise","21/04/2010",2010,"Cat A (Cars up to 1600cc and 97kW)",706,30000,"1,242","704",2010-04-21,4,NA,24124,"2010-04-01",2887.459961,3037.969971,2887.459961,2974.610107,0,2974.610107,3000
"140",140,140,"April 2010 First Open Bidding Exercise","07/04/2010",2010,"Cat A (Cars up to 1600cc and 97kW)",705,34001,"1,379","597",2010-04-07,4,NA,24124,"2010-04-01",2887.459961,3037.969971,2887.459961,2974.610107,0,2974.610107,3000
"141",141,141,"March 2010 Second Open Bidding Exercise","24/03/2010",2010,"Cat A (Cars up to 1600cc and 97kW)",1146,28389,"2,183","1,137",2010-03-24,3,NA,24123,"2010-03-01",2750.860107,2937.800049,2749.73999,2887.459961,0,2887.459961,3000
"142",142,142,"March 2010 First Open Bidding Exercise","10/03/2010",2010,"Cat A (Cars up to 1600cc and 97kW)",1148,20802,"1,758","1,141",2010-03-10,3,NA,24123,"2010-03-01",2750.860107,2937.800049,2749.73999,2887.459961,0,2887.459961,3000
"143",143,143,"February 2010 Second Open Bidding Exercise","24/02/2010",2010,"Cat A (Cars up to 1600cc and 97kW)",1148,20340,"1,493","1,148",2010-02-24,2,NA,24122,"2010-02-01",2745.350098,2797,2665.969971,2750.860107,0,2750.860107,3000
"144",144,144,"February 2010 First Open Bidding Exercise","03/02/2010",2010,"Cat A (Cars up to 1600cc and 97kW)",1154,19989,"1,326","1,153",2010-02-03,2,NA,24122,"2010-02-01",2745.350098,2797,2665.969971,2750.860107,0,2750.860107,3000
"145",145,145,"January 2010 Second Open Bidding Exercise","20/01/2010",2010,"Cat A (Cars up to 1600cc and 97kW)",1151,20501,"1,673","1,149",2010-01-20,1,NA,24121,"2010-01-04",2897.620117,2947.080078,2706.26001,2745.350098,0,2745.350098,3000
"146",146,146,"January 2010 First Open Bidding Exercise","06/01/2010",2010,"Cat A (Cars up to 1600cc and 97kW)",1152,18502,"1,342","1,145",2010-01-06,1,NA,24121,"2010-01-04",2897.620117,2947.080078,2706.26001,2745.350098,0,2745.350098,3000
"147",147,147,"December 2009 Second Open Bidding Exercise","23/12/2009",2009,"Cat A (Cars up to 1600cc and 97kW)",1150,18150,"1,465","1,145",2009-12-23,12,NA,24120,"2009-12-01",2732.120117,2897.620117,2732.120117,2897.620117,0,2897.620117,2927
"148",148,148,"December 2009 First Open Bidding Exercise","09/12/2009",2009,"Cat A (Cars up to 1600cc and 97kW)",1151,18502,"1,658","1,146",2009-12-09,12,NA,24120,"2009-12-01",2732.120117,2897.620117,2732.120117,2897.620117,0,2897.620117,2927
"149",149,149,"November 2009 Second Open Bidding Exercise","18/11/2009",2009,"Cat A (Cars up to 1600cc and 97kW)",1146,17189,"1,261","1,142",2009-11-18,11,NA,24119,"2009-11-02",2651.129883,2803.850098,2616.48999,2732.120117,0,2732.120117,2927
"150",150,150,"November 2009 First Open Bidding Exercise","04/11/2009",2009,"Cat A (Cars up to 1600cc and 97kW)",1226,16747,"1,395","1,222",2009-11-04,11,NA,24119,"2009-11-02",2651.129883,2803.850098,2616.48999,2732.120117,0,2732.120117,2927
"151",151,151,"October 2009 Second Open Bidding Exercise","21/10/2009",2009,"Cat A (Cars up to 1600cc and 97kW)",1149,18899,"1,544","1,149",2009-10-21,10,NA,24118,"2009-10-01",2672.570068,2739.550049,2576.840088,2651.129883,0,2651.129883,2927
"152",152,152,"October 2009 First Open Bidding Exercise","07/10/2009",2009,"Cat A (Cars up to 1600cc and 97kW)",1151,16201,"1,392","1,072",2009-10-07,10,NA,24118,"2009-10-01",2672.570068,2739.550049,2576.840088,2651.129883,0,2651.129883,2927
"153",153,153,"September 2009 Second Open Bidding Exercise","24/09/2009",2009,"Cat A (Cars up to 1600cc and 97kW)",1403,15589,"1,527","1,400",2009-09-24,9,NA,24117,"2009-09-01",2592.899902,2707.23999,2560.149902,2672.570068,0,2672.570068,2927
"154",154,154,"September 2009 First Open Bidding Exercise","09/09/2009",2009,"Cat A (Cars up to 1600cc and 97kW)",1395,18020,"1,844","1,391",2009-09-09,9,NA,24117,"2009-09-01",2592.899902,2707.23999,2560.149902,2672.570068,0,2672.570068,2927
"155",155,155,"August 2009 Second Open Bidding Exercise","19/08/2009",2009,"Cat A (Cars up to 1600cc and 97kW)",1395,15019,"1,567","1,387",2009-08-19,8,NA,24116,"2009-08-03",2659.199951,2700.780029,2521.360107,2592.899902,0,2592.899902,2927
"156",156,156,"August 2009 First Open Bidding Exercise","05/08/2009",2009,"Cat A (Cars up to 1600cc and 97kW)",1395,13658,"1,558","1,395",2009-08-05,8,NA,24116,"2009-08-03",2659.199951,2700.780029,2521.360107,2592.899902,0,2592.899902,2927
"157",157,157,"July 2009 Second Open Bidding Exercise","22/07/2009",2009,"Cat A (Cars up to 1600cc and 97kW)",1408,15291,"1,603","1,408",2009-07-22,7,NA,24115,"2009-07-01",2333.139893,2659.449951,2235.449951,2659.199951,0,2659.199951,2927
"158",158,158,"July 2009 First Open Bidding Exercise","08/07/2009",2009,"Cat A (Cars up to 1600cc and 97kW)",1405,14310,"1,655","1,405",2009-07-08,7,NA,24115,"2009-07-01",2333.139893,2659.449951,2235.449951,2659.199951,0,2659.199951,2927
"159",159,159,"June 2009 Second Open Bidding Exercise","17/06/2009",2009,"Cat A (Cars up to 1600cc and 97kW)",1415,12899,"1,735","1,402",2009-06-17,6,NA,24114,"2009-06-01",2329.080078,2424.52002,2211.810059,2333.139893,0,2333.139893,2927
"160",160,160,"June 2009 First Open Bidding Exercise","03/06/2009",2009,"Cat A (Cars up to 1600cc and 97kW)",1401,11690,"1,967","1,391",2009-06-03,6,NA,24114,"2009-06-01",2329.080078,2424.52002,2211.810059,2333.139893,0,2333.139893,2927
"161",161,161,"May 2009 Second Open Bidding Exercise","20/05/2009",2009,"Cat A (Cars up to 1600cc and 97kW)",1402,9889,"1,999","1,383",2009-05-20,5,NA,24113,"2009-05-01",1920.280029,2347.370117,1920.280029,2329.080078,0,2329.080078,2927
"162",162,162,"May 2009 First Open Bidding Exercise","06/05/2009",2009,"Cat A (Cars up to 1600cc and 97kW)",1396,8489,"2,037","1,391",2009-05-06,5,NA,24113,"2009-05-01",1920.280029,2347.370117,1920.280029,2329.080078,0,2329.080078,2927
"163",163,163,"April 2009 Second Open Bidding Exercise","22/04/2009",2009,"Cat A (Cars up to 1600cc and 97kW)",1396,7589,"1,906","1,390",2009-04-22,4,NA,24112,"2009-04-01",1699.98999,1947.300049,1689.869995,1920.280029,0,1920.280029,2927
"164",164,164,"April 2009 First Open Bidding Exercise","08/04/2009",2009,"Cat A (Cars up to 1600cc and 97kW)",1396,7090,"2,026","1,396",2009-04-08,4,NA,24112,"2009-04-01",1699.98999,1947.300049,1689.869995,1920.280029,0,1920.280029,2927
"165",165,165,"March 2009 Second Open Bidding Exercise","18/03/2009",2009,"Cat A (Cars up to 1600cc and 97kW)",1843,5116,"2,202","1,843",2009-03-18,3,NA,24111,"2009-03-02",1594.869995,1779.040039,1455.469971,1699.98999,0,1699.98999,2927
"166",166,166,"March 2009 First Open Bidding Exercise","04/03/2009",2009,"Cat A (Cars up to 1600cc and 97kW)",1839,4890,"2,376","1,839",2009-03-04,3,NA,24111,"2009-03-02",1594.869995,1779.040039,1455.469971,1699.98999,0,1699.98999,2927
"167",167,167,"February 2009 Second Open Bidding Exercise","18/02/2009",2009,"Cat A (Cars up to 1600cc and 97kW)",1846,4460,"2,722","1,842",2009-02-18,2,NA,24110,"2009-02-02",1746.469971,1746.930054,1567.219971,1594.869995,0,1594.869995,2927
"168",168,168,"February 2009 First Open Bidding Exercise","04/02/2009",2009,"Cat A (Cars up to 1600cc and 97kW)",1894,1020,"2,077","1,894",2009-02-04,2,NA,24110,"2009-02-02",1746.469971,1746.930054,1567.219971,1594.869995,0,1594.869995,2927
"169",169,169,"January 2009 Second Open Bidding Exercise","21/01/2009",2009,"Cat A (Cars up to 1600cc and 97kW)",1839,2693,"2,109","1,832",2009-01-21,1,NA,24109,"2009-01-02",1761.560059,1959.949951,1677.060059,1746.469971,0,1746.469971,2927
"170",170,170,"January 2009 First Open Bidding Exercise","07/01/2009",2009,"Cat A (Cars up to 1600cc and 97kW)",1839,5001,"2,541","1,784",2009-01-07,1,NA,24109,"2009-01-02",1761.560059,1959.949951,1677.060059,1746.469971,0,1746.469971,2927
"171",171,171,"December 2008 Second Open Bidding Exercise","17/12/2008",2008,"Cat A (Cars up to 1600cc and 97kW)",1851,6200,"2,788","1,851",2008-12-17,12,NA,24108,"2008-12-01",1732.569946,1844.030029,1638.670044,1761.560059,0,1761.560059,2897
"172",172,172,"December 2008 First Open Bidding Exercise","03/12/2008",2008,"Cat A (Cars up to 1600cc and 97kW)",1840,7721,"3,149","1,840",2008-12-03,12,NA,24108,"2008-12-01",1732.569946,1844.030029,1638.670044,1761.560059,0,1761.560059,2897
"173",173,173,"November 2008 Second Open Bidding Exercise","19/11/2008",2008,"Cat A (Cars up to 1600cc and 97kW)",1851,2,"1,852","1,840",2008-11-19,11,NA,24107,"2008-11-03",1794.199951,1933.51001,1570.22998,1732.569946,0,1732.569946,2897
"174",174,174,"November 2008 First Open Bidding Exercise","05/11/2008",2008,"Cat A (Cars up to 1600cc and 97kW)",1848,10455,"2,049","1,848",2008-11-05,11,NA,24107,"2008-11-03",1794.199951,1933.51001,1570.22998,1732.569946,0,1732.569946,2897
"175",175,175,"October 2008 Second Open Bidding Exercise","22/10/2008",2008,"Cat A (Cars up to 1600cc and 97kW)",1846,10989,"2,149","1,835",2008-10-22,10,NA,24106,"2008-10-01",2358.909912,2398.669922,1473.77002,1794.199951,0,1794.199951,2897
"176",176,176,"October 2008 First Open Bidding Exercise","08/10/2008",2008,"Cat A (Cars up to 1600cc and 97kW)",1856,13801,"2,320","1,848",2008-10-08,10,NA,24106,"2008-10-01",2358.909912,2398.669922,1473.77002,1794.199951,0,1794.199951,2897
"177",177,177,"September 2008 Second Open Bidding Exercise","17/09/2008",2008,"Cat A (Cars up to 1600cc and 97kW)",2035,14100,"2,765","2,029",2008-09-17,9,NA,24105,"2008-09-01",2739.949951,2763.419922,2239.75,2358.909912,0,2358.909912,2897
"178",178,178,"September 2008 First Open Bidding Exercise","03/09/2008",2008,"Cat A (Cars up to 1600cc and 97kW)",2038,9501,"2,172","2,022",2008-09-03,9,NA,24105,"2008-09-01",2739.949951,2763.419922,2239.75,2358.909912,0,2358.909912,2897
"179",179,179,"August 2008 Second Open Bidding Exercise","20/08/2008",2008,"Cat A (Cars up to 1600cc and 97kW)",2036,13289,"2,318","2,036",2008-08-20,8,NA,24104,"2008-08-01",2929.649902,2929.649902,2688.320068,2739.949951,0,2739.949951,2897
"180",180,180,"August 2008 First Open Bidding Exercise","06/08/2008",2008,"Cat A (Cars up to 1600cc and 97kW)",2035,12501,"2,267","2,032",2008-08-06,8,NA,24104,"2008-08-01",2929.649902,2929.649902,2688.320068,2739.949951,0,2739.949951,2897
"181",181,181,"July 2008 Second Open Bidding Exercise","23/07/2008",2008,"Cat A (Cars up to 1600cc and 97kW)",2048,14101,"2,464","2,047",2008-07-23,7,NA,24103,"2008-07-01",2947.540039,2997.820068,2819.649902,2929.649902,0,2929.649902,2897
"182",182,182,"July 2008 First Open Bidding Exercise","09/07/2008",2008,"Cat A (Cars up to 1600cc and 97kW)",2036,14685,"2,463","2,036",2008-07-09,7,NA,24103,"2008-07-01",2947.540039,2997.820068,2819.649902,2929.649902,0,2929.649902,2897
"183",183,183,"June 2008 Second Open Bidding Exercise","18/06/2008",2008,"Cat A (Cars up to 1600cc and 97kW)",2037,14101,"2,319","2,024",2008-06-18,6,NA,24102,"2008-06-02",3192.620117,3214.639893,2922.870117,2947.540039,0,2947.540039,2897
"184",184,184,"June 2008 First Open Bidding Exercise","04/06/2008",2008,"Cat A (Cars up to 1600cc and 97kW)",2038,14590,"2,500","2,038",2008-06-04,6,NA,24102,"2008-06-02",3192.620117,3214.639893,2922.870117,2947.540039,0,2947.540039,2897
"185",185,185,"May 2008 Second Open Bidding Exercise","22/05/2008",2008,"Cat A (Cars up to 1600cc and 97kW)",2063,15701,"2,824","2,062",2008-05-22,5,NA,24101,"2008-05-01",3147.790039,3269.879883,3085.129883,3192.620117,0,3192.620117,2897
"186",186,186,"May 2008 First Open Bidding Exercise","07/05/2008",2008,"Cat A (Cars up to 1600cc and 97kW)",2053,11009,"2,211","2,051",2008-05-07,5,NA,24101,"2008-05-01",3147.790039,3269.879883,3085.129883,3192.620117,0,3192.620117,2897
"187",187,187,"April 2008 Second Open Bidding Exercise","23/04/2008",2008,"Cat A (Cars up to 1600cc and 97kW)",2036,15600,"2,197","2,009",2008-04-23,4,NA,24100,"2008-04-01",3007.360107,3235.23999,2994.840088,3147.790039,0,3147.790039,2897
"188",188,188,"April 2008 First Open Bidding Exercise","09/04/2008",2008,"Cat A (Cars up to 1600cc and 97kW)",2043,16930,"2,570","2,026",2008-04-09,4,NA,24100,"2008-04-01",3007.360107,3235.23999,2994.840088,3147.790039,0,3147.790039,2897
"189",189,189,"March 2008 Second Open Bidding Exercise","19/03/2008",2008,"Cat A (Cars up to 1600cc and 97kW)",2161,15389,"2,474","2,161",2008-03-19,3,NA,24099,"2008-03-03",3026.449951,3058.929932,2745.959961,3007.360107,0,3007.360107,2897
"190",190,190,"March 2008 First Open Bidding Exercise","05/03/2008",2008,"Cat A (Cars up to 1600cc and 97kW)",2171,14351,"2,727","2,164",2008-03-05,3,NA,24099,"2008-03-03",3026.449951,3058.929932,2745.959961,3007.360107,0,3007.360107,2897
"191",191,191,"February 2008 Second Open Bidding Exercise","20/02/2008",2008,"Cat A (Cars up to 1600cc and 97kW)",2291,12856,"2,923","2,288",2008-02-20,2,NA,24098,"2008-02-01",3015.899902,3129.27002,2859.080078,3026.449951,0,3026.449951,2897
"192",192,192,"February 2008 First Open Bidding Exercise","05/02/2008",2008,"Cat A (Cars up to 1600cc and 97kW)",2167,12002,"3,005","2,155",2008-02-05,2,NA,24098,"2008-02-01",3015.899902,3129.27002,2859.080078,3026.449951,0,3026.449951,2897
"193",193,193,"January 2008 Second Open Bidding Exercise","23/01/2008",2008,"Cat A (Cars up to 1600cc and 97kW)",2231,12001,"2,611","2,098",2008-01-23,1,NA,24097,"2008-01-02",3462.689941,3474.899902,2746.72998,2981.75,51160000,2981.75,2897
"194",194,194,"January 2008 First Open Bidding Exercise","09/01/2008",2008,"Cat A (Cars up to 1600cc and 97kW)",2162,14052,"2,553","2,154",2008-01-09,1,NA,24097,"2008-01-02",3462.689941,3474.899902,2746.72998,2981.75,51160000,2981.75,2897
"195",195,195,"January 2007 First Open Bidding Exercise","01/01/2007",2007,"Cat A (Cars up to 1600cc and 97kW)",2668,11704,"3,686","2,663",2007-01-01,1,NA,24085,"2007-01-03",3015.73999,3173.97998,2948.97998,3125.560059,222616600,3125.560059,2543
"196",196,196,"January 2007 Second Open Bidding Exercise","15/01/2007",2007,"Cat A (Cars up to 1600cc and 97kW)",2671,11881,"3,155","2,670",2007-01-15,1,NA,24085,"2007-01-03",3015.73999,3173.97998,2948.97998,3125.560059,222616600,3125.560059,2543
"197",197,197,"February 2007 First Open Bidding Exercise","01/02/2007",2007,"Cat A (Cars up to 1600cc and 97kW)",2673,11489,"3,005","2,654",2007-02-01,2,NA,24086,"2007-02-01",3151.27002,3316.219971,3039.600098,3104.149902,347560700,3104.149902,2543
"198",198,198,"February 2007 Second Open Bidding Exercise","15/02/2007",2007,"Cat A (Cars up to 1600cc and 97kW)",2670,5200,"2,823","2,670",2007-02-15,2,NA,24086,"2007-02-01",3151.27002,3316.219971,3039.600098,3104.149902,347560700,3104.149902,2543
"199",199,199,"March 2007 First Open Bidding Exercise","01/03/2007",2007,"Cat A (Cars up to 1600cc and 97kW)",2687,12602,"5,296","2,680",2007-03-01,3,NA,24087,"2007-03-01",3133.879883,3250.860107,2931.629883,3231.23999,347976300,3231.23999,2543
"200",200,200,"March 2007 Second Open Bidding Exercise","15/03/2007",2007,"Cat A (Cars up to 1600cc and 97kW)",2669,13504,"4,752","2,659",2007-03-15,3,NA,24087,"2007-03-01",3133.879883,3250.860107,2931.629883,3231.23999,347976300,3231.23999,2543
"201",201,201,"April 2007 First Open Bidding Exercise","01/04/2007",2007,"Cat A (Cars up to 1600cc and 97kW)",2165,14000,"3,691","2,161",2007-04-01,4,NA,24088,"2007-04-02",3240.070068,3452.840088,3231.120117,3361.290039,318348200,3361.290039,2543
"202",202,202,"April 2007 Second Open Bidding Exercise","15/04/2007",2007,"Cat A (Cars up to 1600cc and 97kW)",2168,14601,"3,327","2,168",2007-04-15,4,NA,24088,"2007-04-02",3240.070068,3452.840088,3231.120117,3361.290039,318348200,3361.290039,2543
"203",203,203,"May 2007 First Open Bidding Exercise","01/05/2007",2007,"Cat A (Cars up to 1600cc and 97kW)",2163,16159,"3,449","2,163",2007-05-01,5,NA,24089,"2007-05-02",3395.570068,3559.01001,3381.290039,3511.129883,313009500,3511.129883,2543
"204",204,204,"May 2007 Second Open Bidding Exercise","15/05/2007",2007,"Cat A (Cars up to 1600cc and 97kW)",2158,17010,"2,825","2,147",2007-05-15,5,NA,24089,"2007-05-02",3395.570068,3559.01001,3381.290039,3511.129883,313009500,3511.129883,2543
"205",205,205,"June 2007 First Open Bidding Exercise","01/06/2007",2007,"Cat A (Cars up to 1600cc and 97kW)",2159,16181,"2,441","2,159",2007-06-01,6,NA,24090,"2007-06-01",3547.639893,3652.02002,3480.620117,3548.199951,367805000,3548.199951,2543
"206",206,206,"June 2007 Second Open Bidding Exercise","15/06/2007",2007,"Cat A (Cars up to 1600cc and 97kW)",2169,15591,"2,489","2,119",2007-06-15,6,NA,24090,"2007-06-01",3547.639893,3652.02002,3480.620117,3548.199951,367805000,3548.199951,2543
"207",207,207,"July 2007 First Open Bidding Exercise","01/07/2007",2007,"Cat A (Cars up to 1600cc and 97kW)",2159,14801,"2,480","2,150",2007-07-01,7,NA,24091,"2007-07-02",3553.47998,3688.580078,3444.050049,3547.659912,320569100,3547.659912,2543
"208",208,208,"July 2007 Second Open Bidding Exercise","15/07/2007",2007,"Cat A (Cars up to 1600cc and 97kW)",2208,16000,"2,678","2,177",2007-07-15,7,NA,24091,"2007-07-02",3553.47998,3688.580078,3444.050049,3547.659912,320569100,3547.659912,2543
"209",209,209,"August 2007 First Open Bidding Exercise","01/08/2007",2007,"Cat A (Cars up to 1600cc and 97kW)",2168,17001,"2,632","2,018",2007-08-01,8,NA,24092,"2007-08-01",3516.030029,3525.290039,2962.01001,3392.909912,365414000,3392.909912,2543
"210",210,210,"August 2007 Second Open Bidding Exercise","15/08/2007",2007,"Cat A (Cars up to 1600cc and 97kW)",2189,8118,"2,315","2,188",2007-08-15,8,NA,24092,"2007-08-01",3516.030029,3525.290039,2962.01001,3392.909912,365414000,3392.909912,2543
"211",211,211,"September 2007 First Open Bidding Exercise","01/09/2007",2007,"Cat A (Cars up to 1600cc and 97kW)",2309,17999,"3,753","2,303",2007-09-01,9,NA,24093,"2007-09-03",3390.840088,3726.530029,3368.600098,3706.22998,300547000,3706.22998,2543
"212",212,212,"September 2007 Second Open Bidding Exercise","15/09/2007",2007,"Cat A (Cars up to 1600cc and 97kW)",2159,17941,"3,055","2,159",2007-09-15,9,NA,24093,"2007-09-03",3390.840088,3726.530029,3368.600098,3706.22998,300547000,3706.22998,2543
"213",213,213,"October 2007 First Open Bidding Exercise","01/10/2007",2007,"Cat A (Cars up to 1600cc and 97kW)",2165,16999,"2,604","2,160",2007-10-01,10,NA,24094,"2007-10-01",3734.939941,3906.159912,3632.97998,3805.699951,292456100,3805.699951,2543
"214",214,214,"October 2007 Second Open Bidding Exercise","15/10/2007",2007,"Cat A (Cars up to 1600cc and 97kW)",2158,12401,"2,472","2,158",2007-10-15,10,NA,24094,"2007-10-01",3734.939941,3906.159912,3632.97998,3805.699951,292456100,3805.699951,2543
"215",215,215,"November 2007 First Open Bidding Exercise","01/11/2007",2007,"Cat A (Cars up to 1600cc and 97kW)",2164,16839,"3,040","2,149",2007-11-01,11,NA,24095,"2007-11-01",3837.77002,3842.949951,3306.530029,3521.27002,273071500,3521.27002,2543
"216",216,216,"November 2007 Second Open Bidding Exercise","15/11/2007",2007,"Cat A (Cars up to 1600cc and 97kW)",2158,14404,"2,450","2,154",2007-11-15,11,NA,24095,"2007-11-01",3837.77002,3842.949951,3306.530029,3521.27002,273071500,3521.27002,2543
"217",217,217,"December 2007 First Open Bidding Exercise","01/12/2007",2007,"Cat A (Cars up to 1600cc and 97kW)",2174,12001,"2,373","2,171",2007-12-01,12,NA,24096,"2007-12-03",3549.469971,3621.840088,3300.860107,3482.300049,206451500,3482.300049,2543
"218",218,218,"December 2007 Second Open Bidding Exercise","15/12/2007",2007,"Cat A (Cars up to 1600cc and 97kW)",2162,14001,"2,588","2,089",2007-12-15,12,NA,24096,"2007-12-03",3549.469971,3621.840088,3300.860107,3482.300049,206451500,3482.300049,2543
"219",219,219,"January 2006 First Open Bidding Exercise","01/01/2006",2006,"Cat A (Cars up to 1600cc and 97kW)",2787,10602,"3,076","2,778",2006-01-01,1,NA,24073,"2006-01-03",2354.590088,2440.709961,2352.189941,2412.080078,217153800,2412.080078,2449
"220",220,220,"January 2006 Second Open Bidding Exercise","15/01/2006",2006,"Cat A (Cars up to 1600cc and 97kW)",2785,8009,"3,213","2,783",2006-01-15,1,NA,24073,"2006-01-03",2354.590088,2440.709961,2352.189941,2412.080078,217153800,2412.080078,2449
"221",221,221,"February 2006 First Open Bidding Exercise","01/02/2006",2006,"Cat A (Cars up to 1600cc and 97kW)",2794,10284,"5,517","2,787",2006-02-01,2,NA,24074,"2006-02-01",2425.669922,2490.459961,2415.030029,2481.959961,191842700,2481.959961,2449
"222",222,222,"February 2006 Second Open Bidding Exercise","15/02/2006",2006,"Cat A (Cars up to 1600cc and 97kW)",2787,10103,"5,030","2,779",2006-02-15,2,NA,24074,"2006-02-01",2425.669922,2490.459961,2415.030029,2481.959961,191842700,2481.959961,2449
"223",223,223,"March 2006 First Open Bidding Exercise","01/03/2006",2006,"Cat A (Cars up to 1600cc and 97kW)",2792,11199,"5,001","2,786",2006-03-01,3,NA,24075,"2006-03-01",2472.030029,2541.290039,2470.560059,2533.399902,211882700,2533.399902,2449
"224",224,224,"March 2006 Second Open Bidding Exercise","15/03/2006",2006,"Cat A (Cars up to 1600cc and 97kW)",2792,11904,"4,381","2,784",2006-03-15,3,NA,24075,"2006-03-01",2472.030029,2541.290039,2470.560059,2533.399902,211882700,2533.399902,2449
"225",225,225,"April 2006 First Open Bidding Exercise","01/04/2006",2006,"Cat A (Cars up to 1600cc and 97kW)",2222,11901,"3,183","2,215",2006-04-01,4,NA,24076,"2006-04-03",2542.77002,2620.350098,2531.73999,2610.709961,231242600,2610.709961,2449
"226",226,226,"April 2006 Second Open Bidding Exercise","15/04/2006",2006,"Cat A (Cars up to 1600cc and 97kW)",2225,11901,"2,762","2,220",2006-04-15,4,NA,24076,"2006-04-03",2542.77002,2620.350098,2531.73999,2610.709961,231242600,2610.709961,2449
"227",227,227,"May 2006 First Open Bidding Exercise","01/05/2006",2006,"Cat A (Cars up to 1600cc and 97kW)",2223,10003,"2,426","2,222",2006-05-01,5,NA,24077,"2006-05-02",2613.870117,2666.330078,2368.719971,2383.870117,259042100,2383.870117,2449
"228",228,228,"May 2006 Second Open Bidding Exercise","15/05/2006",2006,"Cat A (Cars up to 1600cc and 97kW)",2222,10100,"2,473","2,222",2006-05-15,5,NA,24077,"2006-05-02",2613.870117,2666.330078,2368.719971,2383.870117,259042100,2383.870117,2449
"229",229,229,"June 2006 First Open Bidding Exercise","01/06/2006",2006,"Cat A (Cars up to 1600cc and 97kW)",2217,11202,"2,688","2,217",2006-06-01,6,NA,24078,"2006-06-01",2394.360107,2446.26001,2277.909912,2435.389893,204908200,2435.389893,2449
"230",230,230,"June 2006 Second Open Bidding Exercise","15/06/2006",2006,"Cat A (Cars up to 1600cc and 97kW)",2217,9301,"2,393","2,213",2006-06-15,6,NA,24078,"2006-06-01",2394.360107,2446.26001,2277.909912,2435.389893,204908200,2435.389893,2449
"231",231,231,"July 2006 First Open Bidding Exercise","01/07/2006",2006,"Cat A (Cars up to 1600cc and 97kW)",2216,10201,"2,867","2,210",2006-07-01,7,NA,24079,"2006-07-03",2435.350098,2456.52002,2319.030029,2445.429932,194878500,2445.429932,2449
"232",232,232,"July 2006 Second Open Bidding Exercise","15/07/2006",2006,"Cat A (Cars up to 1600cc and 97kW)",2221,10803,"2,776","2,213",2006-07-15,7,NA,24079,"2006-07-03",2435.350098,2456.52002,2319.030029,2445.429932,194878500,2445.429932,2449
"233",233,233,"August 2006 First Open Bidding Exercise","01/08/2006",2006,"Cat A (Cars up to 1600cc and 97kW)",2222,11901,"3,333","2,215",2006-08-01,8,NA,24080,"2006-08-01",2436.639893,2492.27002,2427.050049,2482.389893,190526900,2482.389893,2449
"234",234,234,"August 2006 Second Open Bidding Exercise","15/08/2006",2006,"Cat A (Cars up to 1600cc and 97kW)",2225,12989,"3,398","2,219",2006-08-15,8,NA,24080,"2006-08-01",2436.639893,2492.27002,2427.050049,2482.389893,190526900,2482.389893,2449
"235",235,235,"September 2006 First Open Bidding Exercise","01/09/2006",2006,"Cat A (Cars up to 1600cc and 97kW)",2223,13003,"2,878","2,222",2006-09-01,9,NA,24081,"2006-09-01",2489.209961,2576.26001,2480.169922,2568.860107,150212400,2568.860107,2449
"236",236,236,"September 2006 Second Open Bidding Exercise","15/09/2006",2006,"Cat A (Cars up to 1600cc and 97kW)",2223,13102,"2,921","2,223",2006-09-15,9,NA,24081,"2006-09-01",2489.209961,2576.26001,2480.169922,2568.860107,150212400,2568.860107,2449
"237",237,237,"October 2006 First Open Bidding Exercise","01/10/2006",2006,"Cat A (Cars up to 1600cc and 97kW)",2670,12001,"2,953","2,644",2006-10-01,10,NA,24082,"2006-10-02",2571.449951,2754.330078,2569.800049,2701.75,191693000,2701.75,2449
"238",238,238,"October 2006 Second Open Bidding Exercise","15/10/2006",2006,"Cat A (Cars up to 1600cc and 97kW)",2669,10510,"2,761","2,669",2006-10-15,10,NA,24082,"2006-10-02",2571.449951,2754.330078,2569.800049,2701.75,191693000,2701.75,2449
"239",239,239,"November 2006 First Open Bidding Exercise","01/11/2006",2006,"Cat A (Cars up to 1600cc and 97kW)",2695,12979,"4,013","2,693",2006-11-01,11,NA,24083,"2006-11-01",2707.419922,2860.209961,2698.080078,2838.530029,209626300,2838.530029,2449
"240",240,240,"November 2006 Second Open Bidding Exercise","15/11/2006",2006,"Cat A (Cars up to 1600cc and 97kW)",2669,12689,"3,499","2,668",2006-11-15,11,NA,24083,"2006-11-01",2707.419922,2860.209961,2698.080078,2838.530029,209626300,2838.530029,2449
"241",241,241,"December 2006 First Open Bidding Exercise","01/12/2006",2006,"Cat A (Cars up to 1600cc and 97kW)",2670,12200,"3,018","2,670",2006-12-01,12,NA,24084,"2006-12-01",2843.639893,2991.350098,2826.310059,2985.830078,160746600,2985.830078,2449
"242",242,242,"December 2006 Second Open Bidding Exercise","15/12/2006",2006,"Cat A (Cars up to 1600cc and 97kW)",2670,9605,"2,886","2,668",2006-12-15,12,NA,24084,"2006-12-01",2843.639893,2991.350098,2826.310059,2985.830078,160746600,2985.830078,2449
"243",243,243,"January 2005 First Open Bidding Exercise","01/01/2005",2005,"Cat A (Cars up to 1600cc and 97kW)",2513,18400,"2,677","2,512",2005-01-01,1,NA,24061,"2005-01-03",2065.149902,2101.649902,2061.98999,2096.320068,140707500,2096.320068,2388
"244",244,244,"January 2005 Second Open Bidding Exercise","15/01/2005",2005,"Cat A (Cars up to 1600cc and 97kW)",2513,19501,"3,793","2,508",2005-01-15,1,NA,24061,"2005-01-03",2065.149902,2101.649902,2061.98999,2096.320068,140707500,2096.320068,2388
"245",245,245,"February 2005 First Open Bidding Exercise","01/02/2005",2005,"Cat A (Cars up to 1600cc and 97kW)",2514,18200,"3,394","2,511",2005-02-01,2,NA,24062,"2005-02-01",2097.659912,2172.929932,2089.550049,2119.399902,149553400,2119.399902,2388
"246",246,246,"February 2005 Second Open Bidding Exercise","15/02/2005",2005,"Cat A (Cars up to 1600cc and 97kW)",2518,18159,"3,140","2,511",2005-02-15,2,NA,24062,"2005-02-01",2097.659912,2172.929932,2089.550049,2119.399902,149553400,2119.399902,2388
"247",247,247,"March 2005 First Open Bidding Exercise","01/03/2005",2005,"Cat A (Cars up to 1600cc and 97kW)",2516,20654,"3,784","2,509",2005-03-01,3,NA,24063,"2005-03-01",2120.939941,2191.290039,2114.959961,2141.429932,155429800,2141.429932,2388
"248",248,248,"March 2005 Second Open Bidding Exercise","15/03/2005",2005,"Cat A (Cars up to 1600cc and 97kW)",2520,18901,"3,176","2,449",2005-03-15,3,NA,24063,"2005-03-01",2120.939941,2191.290039,2114.959961,2141.429932,155429800,2141.429932,2388
"249",249,249,"April 2005 First Open Bidding Exercise","01/04/2005",2005,"Cat A (Cars up to 1600cc and 97kW)",2200,18279,"2,685","2,200",2005-04-01,4,NA,24064,"2005-04-01",2141.379883,2186.26001,2107.669922,2125.25,137362400,2125.25,2388
"250",250,250,"April 2005 Second Open Bidding Exercise","15/04/2005",2005,"Cat A (Cars up to 1600cc and 97kW)",2264,18101,"2,563","2,203",2005-04-15,4,NA,24064,"2005-04-01",2141.379883,2186.26001,2107.669922,2125.25,137362400,2125.25,2388
"251",251,251,"May 2005 First Open Bidding Exercise","01/05/2005",2005,"Cat A (Cars up to 1600cc and 97kW)",2193,17398,"2,594","2,185",2005-05-01,5,NA,24065,"2005-05-03",2146.040039,2187.780029,2137.169922,2161.77002,168684800,2161.77002,2388
"252",252,252,"May 2005 Second Open Bidding Exercise","15/05/2005",2005,"Cat A (Cars up to 1600cc and 97kW)",2254,16897,"2,548","2,251",2005-05-15,5,NA,24065,"2005-05-03",2146.040039,2187.780029,2137.169922,2161.77002,168684800,2161.77002,2388
"253",253,253,"June 2005 First Open Bidding Exercise","01/06/2005",2005,"Cat A (Cars up to 1600cc and 97kW)",2201,17481,"2,873","2,174",2005-06-01,6,NA,24066,"2005-06-01",2169.459961,2230.560059,2167.75,2212.659912,166180000,2212.659912,2388
"254",254,254,"June 2005 Second Open Bidding Exercise","15/06/2005",2005,"Cat A (Cars up to 1600cc and 97kW)",2196,17289,"2,636","2,186",2005-06-15,6,NA,24066,"2005-06-01",2169.459961,2230.560059,2167.75,2212.659912,166180000,2212.659912,2388
"255",255,255,"July 2005 First Open Bidding Exercise","01/07/2005",2005,"Cat A (Cars up to 1600cc and 97kW)",2220,16112,"2,445","2,218",2005-07-01,7,NA,24067,"2005-07-01",2212.909912,2362.659912,2207.949951,2352.560059,223058000,2352.560059,2388
"256",256,256,"July 2005 Second Open Bidding Exercise","15/07/2005",2005,"Cat A (Cars up to 1600cc and 97kW)",2203,16500,"2,758","2,197",2005-07-15,7,NA,24067,"2005-07-01",2212.909912,2362.659912,2207.949951,2352.560059,223058000,2352.560059,2388
"257",257,257,"August 2005 First Open Bidding Exercise","01/08/2005",2005,"Cat A (Cars up to 1600cc and 97kW)",2195,16502,"2,843","2,194",2005-08-01,8,NA,24068,"2005-08-01",2353.570068,2399.75,2258.959961,2275.429932,196436700,2275.429932,2388
"258",258,258,"August 2005 Second Open Bidding Exercise","15/08/2005",2005,"Cat A (Cars up to 1600cc and 97kW)",2199,16101,"2,421","2,190",2005-08-15,8,NA,24068,"2005-08-01",2353.570068,2399.75,2258.959961,2275.429932,196436700,2275.429932,2388
"259",259,259,"September 2005 First Open Bidding Exercise","01/09/2005",2005,"Cat A (Cars up to 1600cc and 97kW)",2194,16461,"2,854","2,194",2005-09-01,9,NA,24069,"2005-09-01",2289.580078,2325.110107,2281.379883,2305.139893,155268300,2305.139893,2388
"260",260,260,"September 2005 Second Open Bidding Exercise","15/09/2005",2005,"Cat A (Cars up to 1600cc and 97kW)",2202,15309,"2,428","2,179",2005-09-15,9,NA,24069,"2005-09-01",2289.580078,2325.110107,2281.379883,2305.139893,155268300,2305.139893,2388
"261",261,261,"October 2005 First Open Bidding Exercise","01/10/2005",2005,"Cat A (Cars up to 1600cc and 97kW)",2785,11991,"3,188","2,784",2005-10-01,10,NA,24070,"2005-10-03",2302.030029,2356.02002,2190.070068,2216.77002,192655800,2216.77002,2388
"262",262,262,"October 2005 Second Open Bidding Exercise","15/10/2005",2005,"Cat A (Cars up to 1600cc and 97kW)",2808,14501,"5,927","2,759",2005-10-15,10,NA,24070,"2005-10-03",2302.030029,2356.02002,2190.070068,2216.77002,192655800,2216.77002,2388
"263",263,263,"November 2005 First Open Bidding Exercise","01/11/2005",2005,"Cat A (Cars up to 1600cc and 97kW)",2786,14700,"5,624","2,779",2005-11-01,11,NA,24071,"2005-11-01",2206.110107,2322.76001,2206.110107,2300.25,169382200,2300.25,2388
"264",264,264,"November 2005 Second Open Bidding Exercise","15/11/2005",2005,"Cat A (Cars up to 1600cc and 97kW)",2834,14001,"4,781","2,761",2005-11-15,11,NA,24071,"2005-11-01",2206.110107,2322.76001,2206.110107,2300.25,169382200,2300.25,2388
"265",265,265,"December 2005 First Open Bidding Exercise","01/12/2005",2005,"Cat A (Cars up to 1600cc and 97kW)",2792,13700,"4,171","2,790",2005-12-01,12,NA,24072,"2005-12-01",2299.399902,2355.919922,2298.159912,2347.340088,131874200,2347.340088,2388
"266",266,266,"December 2005 Second Open Bidding Exercise","15/12/2005",2005,"Cat A (Cars up to 1600cc and 97kW)",2858,12081,"3,309","2,858",2005-12-15,12,NA,24072,"2005-12-01",2299.399902,2355.919922,2298.159912,2347.340088,131874200,2347.340088,2388
"267",267,267,"January 2004 First Open Bidding Exercise","01/01/2004",2004,"Cat A (Cars up to 1600cc and 97kW)",1919,23801,"2,549","1,913",2004-01-01,1,NA,24049,"2004-01-02",1768.780029,1912.930054,1768.77002,1848.359985,226550300,1848.359985,2326
"268",268,268,"January 2004 Second Open Bidding Exercise","15/01/2004",2004,"Cat A (Cars up to 1600cc and 97kW)",1912,24001,"2,616","1,898",2004-01-15,1,NA,24049,"2004-01-02",1768.780029,1912.930054,1768.77002,1848.359985,226550300,1848.359985,2326
"269",269,269,"February 2004 First Open Bidding Exercise","01/02/2004",2004,"Cat A (Cars up to 1600cc and 97kW)",1917,24489,"2,701","1,905",2004-02-01,2,NA,24050,"2004-02-03",1835.119995,1902.869995,1817.459961,1888.630005,158054000,1888.630005,2326
"270",270,270,"February 2004 Second Open Bidding Exercise","15/02/2004",2004,"Cat A (Cars up to 1600cc and 97kW)",1925,24389,"2,534","1,917",2004-02-15,2,NA,24050,"2004-02-03",1835.119995,1902.869995,1817.459961,1888.630005,158054000,1888.630005,2326
"271",271,271,"March 2004 First Open Bidding Exercise","01/03/2004",2004,"Cat A (Cars up to 1600cc and 97kW)",1923,24597,"2,539","1,920",2004-03-01,3,NA,24051,"2004-03-01",1898.089966,1904.939941,1793.76001,1858.920044,155306700,1858.920044,2326
"272",272,272,"March 2004 Second Open Bidding Exercise","15/03/2004",2004,"Cat A (Cars up to 1600cc and 97kW)",1919,24940,"2,613","1,905",2004-03-15,3,NA,24051,"2004-03-01",1898.089966,1904.939941,1793.76001,1858.920044,155306700,1858.920044,2326
"273",273,273,"April 2004 First Open Bidding Exercise","01/04/2004",2004,"Cat A (Cars up to 1600cc and 97kW)",1937,26689,"3,386","1,928",2004-04-01,4,NA,24052,"2004-04-01",1856.800049,1906.27002,1794.050049,1842.030029,142064900,1842.030029,2326
"274",274,274,"April 2004 Second Open Bidding Exercise","15/04/2004",2004,"Cat A (Cars up to 1600cc and 97kW)",1947,27564,"3,042","1,947",2004-04-15,4,NA,24052,"2004-04-01",1856.800049,1906.27002,1794.050049,1842.030029,142064900,1842.030029,2326
"275",275,275,"May 2004 First Open Bidding Exercise","01/05/2004",2004,"Cat A (Cars up to 1600cc and 97kW)",1943,27507,"2,565","1,943",2004-05-01,5,NA,24053,"2004-05-03",1841.390015,1882.380005,1690.349976,1788.660034,146311900,1788.660034,2326
"276",276,276,"May 2004 Second Open Bidding Exercise","15/05/2004",2004,"Cat A (Cars up to 1600cc and 97kW)",1933,27501,"2,236","1,922",2004-05-15,5,NA,24053,"2004-05-03",1841.390015,1882.380005,1690.349976,1788.660034,146311900,1788.660034,2326
"277",277,277,"June 2004 First Open Bidding Exercise","01/06/2004",2004,"Cat A (Cars up to 1600cc and 97kW)",1934,28798,"2,722","1,927",2004-06-01,6,NA,24054,"2004-06-01",1787.380005,1844.890015,1767.26001,1838,117937000,1838,2326
"278",278,278,"June 2004 Second Open Bidding Exercise","15/06/2004",2004,"Cat A (Cars up to 1600cc and 97kW)",1944,28331,"2,302","1,944",2004-06-15,6,NA,24054,"2004-06-01",1787.380005,1844.890015,1767.26001,1838,117937000,1838,2326
"279",279,279,"July 2004 First Open Bidding Exercise","01/07/2004",2004,"Cat A (Cars up to 1600cc and 97kW)",1941,27769,"2,193","1,941",2004-07-01,7,NA,24055,"2004-07-01",1840.310059,1895.97998,1830.280029,1891.709961,130098500,1891.709961,2326
"280",280,280,"July 2004 Second Open Bidding Exercise","15/07/2004",2004,"Cat A (Cars up to 1600cc and 97kW)",1933,27019,"2,104","1,928",2004-07-15,7,NA,24055,"2004-07-01",1840.310059,1895.97998,1830.280029,1891.709961,130098500,1891.709961,2326
"281",281,281,"August 2004 First Open Bidding Exercise","01/08/2004",2004,"Cat A (Cars up to 1600cc and 97kW)",1934,26298,"2,145","1,932",2004-08-01,8,NA,24056,"2004-08-02",1886.97998,1942.800049,1861.569946,1918.339966,167568500,1918.339966,2326
"282",282,282,"August 2004 Second Open Bidding Exercise","15/08/2004",2004,"Cat A (Cars up to 1600cc and 97kW)",1938,25797,"2,237","1,932",2004-08-15,8,NA,24056,"2004-08-02",1886.97998,1942.800049,1861.569946,1918.339966,167568500,1918.339966,2326
"283",283,283,"September 2004 First Open Bidding Exercise","01/09/2004",2004,"Cat A (Cars up to 1600cc and 97kW)",1936,26801,"2,628","1,927",2004-09-01,9,NA,24057,"2004-09-01",1921.47998,2007.97998,1920.569946,1984.73999,153293300,1984.73999,2326
"284",284,284,"September 2004 Second Open Bidding Exercise","15/09/2004",2004,"Cat A (Cars up to 1600cc and 97kW)",1939,24189,"2,126","1,937",2004-09-15,9,NA,24057,"2004-09-01",1921.47998,2007.97998,1920.569946,1984.73999,153293300,1984.73999,2326
"285",285,285,"October 2004 First Open Bidding Exercise","01/10/2004",2004,"Cat A (Cars up to 1600cc and 97kW)",2523,23001,"3,106","2,522",2004-10-01,10,NA,24058,"2004-10-01",1986.959961,2021.910034,1932.180054,1980.689941,139825800,1980.689941,2326
"286",286,286,"October 2004 Second Open Bidding Exercise","15/10/2004",2004,"Cat A (Cars up to 1600cc and 97kW)",2515,23784,"3,805","2,514",2004-10-15,10,NA,24058,"2004-10-01",1986.959961,2021.910034,1932.180054,1980.689941,139825800,1980.689941,2326
"287",287,287,"November 2004 First Open Bidding Exercise","01/11/2004",2004,"Cat A (Cars up to 1600cc and 97kW)",2514,22496,"3,115","2,507",2004-11-01,11,NA,24059,"2004-11-01",1988.800049,2050.780029,1974.790039,2027.660034,155044700,2027.660034,2326
"288",288,288,"November 2004 Second Open Bidding Exercise","15/11/2004",2004,"Cat A (Cars up to 1600cc and 97kW)",2514,22001,"3,095","2,507",2004-11-15,11,NA,24059,"2004-11-01",1988.800049,2050.780029,1974.790039,2027.660034,155044700,2027.660034,2326
"289",289,289,"December 2004 First Open Bidding Exercise","01/12/2004",2004,"Cat A (Cars up to 1600cc and 97kW)",2520,22463,"3,224","2,520",2004-12-01,12,NA,24060,"2004-12-01",2029.280029,2076.590088,1999.140015,2066.139893,108494600,2066.139893,2326
"290",290,290,"December 2004 Second Open Bidding Exercise","15/12/2004",2004,"Cat A (Cars up to 1600cc and 97kW)",2520,20117,"2,709","2,520",2004-12-15,12,NA,24060,"2004-12-01",2029.280029,2076.590088,1999.140015,2066.139893,108494600,2066.139893,2326
